column,token,token_count,token_rate,non_token_rate,risk_diff,lift_vs_base
desired_job_except_data,G. 자연과학계열 연구자,114,0.32456140350877194,0.29337539432176657,0.03118600918700537,1.0886633624419793
desired_job_except_data,D. 소프트웨어 개발자,212,0.30660377358490565,0.2947761194029851,0.011827654181920555,1.0284288010830018
desired_job_except_data,F. PM / 서비스 기획자,216,0.30092592592592593,0.29699248120300753,0.0039334447229184,1.0093838232851684
desired_job_except_data,B. 기획 / 전략 / 경영 직무,328,0.2865853658536585,0.30714285714285716,-0.02055749128919865,0.9612818549710159
desired_job_except_data,H. 마케터 / 영업관리,172,0.27906976744186046,0.3038194444444444,-0.02474967700258396,0.9360725831682135
desired_job_except_data,E. UI/UX 디자이너,86,0.26744186046511625,0.3021148036253776,-0.03467294316026137,0.8970695588695379
desired_job_except_data,A. 금융 / 보험 직무,273,0.27472527472527475,0.31157894736842107,-0.03685367264314632,0.9215000246390381
desired_job_except_data,C. MD,50,0.24,0.3022922636103152,-0.0622922636103152,0.8050224215246635
